Employee Number,Name
[2],['b']
[5],['d']
[7],['e']
[8],['f']
[10],['g']
[11],['f']
[12],['h']
[13],['i']
[14],['j']
[15],['k']
[16],['l']
[18],['m']
[20],['o']
[21],['p']
[22],['q']
[63],[nan]
[68],['h']
[70],['i']
[72],[nan]
[73],['j']
[74],[nan]
[1495],[nan]
[1496],[nan]
[1497],[nan]
[1499],[nan]
[1501],[nan]
[1520],[nan]
[1523],[nan]
[1525],[nan]
[1527],[nan]
[1529],[nan]
[1533],[nan]
[2048],[nan]
[2049],[nan]
[2051],[nan]
[2052],[nan]
[2053],[nan]
[2054],[nan]
[2055],[nan]
[2056],[nan]
[2057],[nan]
[2060],[nan]
[2061],['venkateswaraswami']
[2062],[nan]
[2064],[nan]
[2065],[nan]
[2068],[nan]
[1940],[nan]
[1941],[nan]
[1943],[nan]
[1945],[nan]
[1947],[nan]
[1948],[nan]
[1949],[nan]
[1950],[nan]
[1951],[nan]
